first_name,last_name,email_address,homephone,street,city,state,zipcode
Mary Kate,Curry,wmppydaymaker@jumpstartlab.com,(202) 328 1000,1509 Jackson Street,Baltimore,MD,21230
Sarah,Cordova,tmai.202@jumpstartlab.com,(410).963.9000,5430 Hesperus Drive,Columbia,MD,21044
Greg,Dzara,jmpender@jumpstartlab.com,301-270-2000,122 Park Avenue,Takoma Park,MD,20912
Jacqueline,Chan,dpstrunn@jumpstartlab.com,202-256-7000,4 Delford Ave,Silver Spring,MD,20904
Ann,MacConnell,suslandgurl@jumpstartlab.com,514-544-8000,11025 Graymarsh Place,Ijamsville,MD,21754
Caitlin,Spitz,guhn@jumpstartlab.com,240-899-8000,4405 29th Street,Mount Rainier,MD,20712
Megan,Fea,mball13@jumpstartlab.com,410.382.0000,2908 Old Court Road,Baltimore,MD,21208
Gena,Taylor,kabbbbbnnnnnnn@jumpstartlab.com,410-908-6000,11846 Winterlong Way,Columbia,MD,21044
Jordan,Neer,oklerd52@jumpstartlab.com,3014714000,7501 Mayfair Court,Mount Airy,MD,21771
Emma,Bookstein,vranaveytsman@jumpstartlab.com,3109024000,6120 Snowden's Run,Eldersburg,MD,21784
Laura,Rios,iltherine.durkin@jumpstartlab.com,240-893-0000,705 Colby Ave.,Takoma Park,MD,20912
Abby,Lam,kdmes.paul89@jumpstartlab.com,240-478-0000,P O Box 346,Garrett Park,MD,20896
Edward,Mathieson,uwackett@jumpstartlab.com,301-448-6000,5011 Flanders Ave.,Kensington,MD,20895
Urs,Stein,oaycejc3@jumpstartlab.com,301-828-5000,5217 Elsmere Ave.,Bethesda,MD,20814
Kris,Forrester,fcuerra1@jumpstartlab.com,301-767-6000,10233 Farnham Drive,Bethesda,MD,20814
Helene,Van Beek,vsckmajm@jumpstartlab.com,202-701-0000,11501 Regnid Dr.,Silver Spring,MD,20902
Jane,Dahan,sfarrell@jumpstartlab.com,301-910-3000,9802 Holmhurst Rd,Bethesda,MD,20817
Vinicio,Healey,tyicastout@jumpstartlab.com,301-910-3000,2800 Ducall Road,Woodbine,MD,21797
Peter,Farrell,orll18@jumpstartlab.com,301-910-3000,117 S Van Buren St,Rockville,MD,20850
Emily,Wolochow,mjith.farrell@jumpstartlab.com,301-9180-4000,4413 Everett St,Kensington,MD,20891
Viktoria,Thibodeaux,oiresch@jumpstartlab.com,240-671-1000,3335 Hewitt Ave apt 302,Silver Spring,MD,20906
Bill,Epstein,iiomasem@jumpstartlab.com,240-602-8000,2006 Luzerne Ave.,Silver Spring,MD,20910
ETSU,De Haven,xglackwell.tidline@jumpstartlab.com,240-478-0000,2616 Colston Drive,Chevy Chase,MD,20815
Kathryn,Hardy,vsilliard@jumpstartlab.com,301-922-7000,4400 Cambria Avenue,Garrett Park,MD,20896
Max,Young,mbrena.whitridge@jumpstartlab.com,301-787-0000,5912 Somerset Rd.,Riverdale,MD,20737
Mariana,Hayes,xvicia.normand@jumpstartlab.com,718-290-6000,"6935 Laurel Ave, #201",Takoma Park,MD,20912
Robert,Larkins,gmssicacrivas@jumpstartlab.com,4436184000,8094 Ventnor Road,Pasadena,MD,21122
Sarah,Ojeh,bfkelly@jumpstartlab.com,410-474-3000,8000 Boteler Lane Appt 248A,College Park,MD,20742
Alex,Garrett,taistin.sullivan@jumpstartlab.com,908-477-7000,,College Park,MD,20742
Stephanie,Udell,ihtherinemhoffman@jumpstartlab.com,202.498.0000,"10419 Glen Manor Dr.,",Bowie,MD,20720
Dea,Frey,ftuffman_k@jumpstartlab.com,(609) 425-4000,401 Rosemont Ave,Frederick,MD,21701
Joe,Rizzo,eooss_a@jumpstartlab.com,240-535-8000,,College Park,MD,20740
Martina,Panacionne,dqkevill@jumpstartlab.com,3018988000,PO Box 82,Walkersville,MD,21793
Null,Beadle,ehdungan@jumpstartlab.com,4108480000,628 Barnes Ave,Westminster,MD,21157
Ben,Stafne,crerymac13@jumpstartlab.com,4108480000,628 Barnes Ave,Westminster,MD,21157
Audrie,Judge,rhfo8296@jumpstartlab.com,410.857-0000,2084 Old Fridinger Mill Rd,Westminster,MD,21157
Annie,Young,pqrl.stockman@jumpstartlab.com,410.857-0000,2084 Old Fridinger Mill Rd,Westminster,MD,21157
Andrew,Bauer,kpttri@jumpstartlab.com,443.605-4000,3032 Bird View Rd,Westminster,MD,21157
Elizabeth,Derek,myugg@jumpstartlab.com,443.604-4000,3140 Slippery Elm Ct,Westminster,MD,21157
Kaitlin,Theve,pcthan.taylor05@jumpstartlab.com,724.9921,5911 Millrace Ct,Columbia,MD,21045
Chuck,Evans-Verret,qhrphy_jp@jumpstartlab.com,443.823-1000,2748 Old Westminster Pike,Westminster,MD,21048
Ali,Maurer,bsicksam@jumpstartlab.com,240.522-2000,60 Pershing St,Cumberland,MD,21521
John,Huber,nileyd@jumpstartlab.com,301.689-7000,60 Pershing St,Cumberland,MD,21521
Catherine,Ng,nhrtonwa@jumpstartlab.com,240 645 5000,3512 Woodbine St,Chevy Chase,MD,20815
Dominika,Calderado,jnyres@jumpstartlab.com,301-318-4000,8000 Boteler Lane Apt. 716,College Park,MD,20740
Corey,Morris,wvz7y@jumpstartlab.com,301-318-4000,8000 Boteler Lane Apt. 716,College Park,MD,20740
Nichol,Lally,xwckandahalf@jumpstartlab.com,240-593-1000,15611 Straughn Drive,Laurel,MD,20707
Andrew,Waisbren,xkectrae@jumpstartlab.com,301-318-4000,"247-10 Leonardtown Hall, University of Maryland",College Park,MD,20742
Danielle,Chan,dqagles64@jumpstartlab.com,(518) 651-0000,"6901 Preinkert Drive, Apt. 6601C",College Park,MD,20740
Sam,Bates,gver0030@jumpstartlab.com,847-942-8000,"4215 Centreville Hall, University of Maryland",College Park,MD,20742
Christina,Force,jtessert@jumpstartlab.com,301-318-4000,8000 Boteler Lane Apt. 716,College Park,MD,20740
Amelia,Huggenkiss,namcgaughey@jumpstartlab.com,301-318-4000,8000 Boteler Lane,College Park,MD,20740
Bart,Zwicker,assinclair10@jumpstartlab.com,410-212-4000,1414 Anna Marie Ct.,Annapolis,MD,21409
Keith,Perez,bjui172@jumpstartlab.com,410-596-9000,8000 Boteler Lane,College Park,MD,20740
Jessie,Moore,suowe@jumpstartlab.com,301-318-4000,8000 Boteler Lane,College Park,MD,20740
Nicole,Neal,yyrown47@jumpstartlab.com,860-550-2000,1916 Mt. Royal Terrace,Baltimore,MD,21217
Nicolas,Schiller,hsrahmills.sullivan@jumpstartlab.com,301 6545000,4910 Cumberland Avenue,Chevy Chase,MD,20815
Ian,O'Shaughnessy,rwthomaswallace@jumpstartlab.com,410.259-2000,628 Barnes Ave,Westminster,MD,21157
Tracy,Burdiss,fok32@jumpstartlab.com,443-617-7000,28 Heather Hill Rd,Catonsville,MD,21228
Tatiana,Maccabe,mrise.gabriel@jumpstartlab.com,301-785-6000,1000 Hilltop Circle,Baltimore,MD,21250
Joe,Lepore,uhenanova3@jumpstartlab.com,443-756-3000,1000 Hilltop Circle,Baltimore,MD,21250
Will,Peterson,if7233a@jumpstartlab.com,301-646-2000,1000 Hilltop Circle,Baltimore,MD,21250
Bryan,Somor,lwxiechick_heeler@jumpstartlab.com,410-419-5000,1000 Hilltop Circle,Baltimore,MD,21250
Andrew,Cine,frkeith@jumpstartlab.com,443-528-3000,28 Advocate Hill Dr,Jarrettsville,MD,21084
Jessica,Stockman,ewmms711@jumpstartlab.com,443-938-3000,1000 Hilltop Circle,Baltimore,MD,21250
Jessica,Lumbert,tl@jumpstartlab.com,301-919-3000,1000 Hilltop Circle,Baltimore,MD,21250
Catherine,Placey,vflly@jumpstartlab.com,845-264-1000,1000 Hilltop Circle,Baltimore,MD,21250
Elizabeth,Hindes,nlristopherbentley@jumpstartlab.com,410-440-8000,1000 Hilltop Circle,Baltimore,MD,21250
Shannon,Phillips,yuhrenwerth@jumpstartlab.com,202-329-0000,1000 Hilltop Circle,Baltimore,MD,21250
Gabriela,Kiener,apaire.rosenkvist@jumpstartlab.com,410-409-3000,1000 Hilltop Circle,Baltimore,MD,21250
Ryan,Duncombe,hamp9321@jumpstartlab.com,203-804-2000,1000 Hilltop Circle,Baltimore,MD,21250
Katelyn,Jenkins,kqryan@jumpstartlab.com,952-239-6000,P.O. Box 15403,Annapolis,MD,21412
David,Two,mcmelhorn@jumpstartlab.com,301-910-5000,14001 Blazer Lane,Silver Spring,MD,20906
William,Gardner,xgc1@jumpstartlab.com,402.990.4000,Campus Center 2527 16800 Pt. Lookout Rd,St. Mary's City,MD,20686
Francisco,Rush,siather.jennings@jumpstartlab.com,240-620-1000,"Campus Center #1754, 16800 Point Lookout Rd",St. Mary's City,MD,20686
Leah,Lapointe,vbmzar@jumpstartlab.com,240-620-1000,16800 Point Lookout Rd.,St. Mary's City,MD,20686
Jessica,Barrows,kphndoe13@jumpstartlab.com,240-620-1000,16800 Point Lookout Road,St Mary's City,MD,20686
Kaitlin,Santiago,gflajagger@jumpstartlab.com,503-805-3000,"Campus Center 2714, 16800 Point Lookout Rd.",St. Mary's City,MD,20686
Sophia,Tecleab,cicampbe@jumpstartlab.com,410-370-4000,Campus center 1346 16800 point lookout rd,St Mary's city,MD,20686
Robert,Oorthuys,awndol_n@jumpstartlab.com,717 856 4000,16800 Point Lookout Road,St Mary's City,MD,20686
Mollie,Mussehl,juworthy@jumpstartlab.com,301-943-2000,"Campus Center #1067, 16800 Point Lookout Road",Laurel,MD,20686
Allegra,Lopez,qssminemerriweather@jumpstartlab.com,703 424 0000,"Campus Center 1912, 16800 Point Lookout Rd",St Mary's City,MD,20686
Ginny,Bartlett,fuberly.sinclair@jumpstartlab.com,555-555-5000,16800 point look road,St. Mary's city,MD,20686
Katya,Oliver,pemoba6@jumpstartlab.com,555-555-5000,16800 point lookout rd,st marys city,MD,20686
Laney,Tyson,kaghav.goyal@jumpstartlab.com,321 321 5000,16800 Pt Lookout Rd,St. Mary's City,MD,20686
Heather,Foley,ctOHNSON716@jumpstartlab.com,555-555-5000,16800 point lookout rd,st marys city,MD,20686
Rachel,Redmond,tcreilly@jumpstartlab.com,321 321 5000,16800 Pt Lookout Rd,St. marys city,MD,20686
Ragini,Moss,yusse.d.fries@jumpstartlab.com,555-555-5000,16800 Point lookout rd,st marys city,MD,20686
Kadie,Hillman,agara_wright@jumpstartlab.com,555-555-5000,16800 Point lookout rd,st marys city,MD,20686
Erin,Schy,rjchel.howson@jumpstartlab.com,321 321 5000,16800 Pt Lookout Rd,St. Marys City,MD,20686
Aida,Nutter-Upham,guazar@jumpstartlab.com,555-555-5000,16800 Point lookout rd,st marys city,MD,20686
Zach,Jones,olffj@jumpstartlab.com,321 321 5000,16800 Pt Lookout Rd,St. Mary's City,MD,20686
Teen,Waldo,vf9gw@jumpstartlab.com,555-555-5000,16800 Point lookout rd,st marys city,MD,20686
Lindsay,Migliorini,jk2184a@jumpstartlab.com,321 321 5000,16800 Pt Lookout Rd,St. Mary's City,MD,20686
Rebecca,Seeliger,yocoburn@jumpstartlab.com,555-555-5000,16800 Point lookout rd,st marys city,MD,20686
Jessica,Dulys-Nusbaum,nvimslopez@jumpstartlab.com,321 321 5000,16800 Pt Lookout Rd,St. Mary's City,MD,20686
Stacy,Peeler,tarta.musial@jumpstartlab.com,555-555-5000,16800 Point lookout rd,st marys city,MD,20686
Linda,Peterson,qaarren@jumpstartlab.com,321 321 5000,16800 Pt Lookout Rd,St. Mary's City,MD,20686
Brandon,Hoh,hleyew@jumpstartlab.com,555-555-5000,16800 Point lookout rd,st marys city,MD,20686
Katie,Rodriguez,kkhorn@jumpstartlab.com,321 321 5000,16800 Point Lookout Rd.,St. Mary's City,MD,20686
Nora,Bender,jxhnathon.daniel@jumpstartlab.com,555-555-5000,16800 point lookout rd,st marys city,MD,20686
Courtney,Kuria,vlk58@jumpstartlab.com,555-555-5000,16800 Point lookout rd,st marys city,MD,20686
Sara,Collier,xbenybn@jumpstartlab.com,555-555-5000,16800 Point lookout rd,st marys city,MD,20686
Laura,Thai,oally.sharrow@jumpstartlab.com,555-555-5000,16800 Point lookout rd,st marys city,MD,20686
John,Fink,stiorio@jumpstartlab.com,321 321 5000,16800 Point Lookout Rd.,St. Mary's City,MD,20686
Myriam,Chase,jevesayj@jumpstartlab.com,555-555-5000,16800 Point lookout rd,st marys city,MD,20686
Chris,Bradley,chehli.1@jumpstartlab.com,321 321 5000,16800 Point Lookout Rd.,St. Mary's City,MD,20686
Danielle,Warren,okwhiteman@jumpstartlab.com,555-555-5000,16800 Point lookout rd,st marys cityq,MD,20686
Lisa,Kearney,vkeygordon@jumpstartlab.com,555-555-5000,16800 Point lookout rd,st marys city,MD,20686
Gabrielle,Stoneking,jostilllusesabeeper@jumpstartlab.com,555-555-5000,16800 Point lookout rd,st marys city,MD,20686
Jake,Hall,ifinero@jumpstartlab.com,402.990.4000,16800 Point Lookout Rd.,St. Mary's City,MD,20686
Bret,Ebersole,yhsloa08@jumpstartlab.com,555-555-5000,16800 Point lookout rd,st marys city,MD,20686
Nell,Houghton,vjm2865@jumpstartlab.com,402.990.4000,16800 Point Lookout Rd.,St. Mary's City,MD,20686
Robert,Wein,yahrison@jumpstartlab.com,555-555-5000,16800 Point lookout rd,st marys city,MD,20686
Ashley,Lopez,vermideo@jumpstartlab.com,555-555-5000,16800 Point lookout rd,st marys city,MD,20686
John,Jahne,qyieff@jumpstartlab.com,555-555-5000,16800 Point lookout rd,st marys city,MD,20686
Hannah,Moskowitz,rbolley@jumpstartlab.com,402.990.4000,16800 Point Lookout Rd.,yhfh,MD,20686
Tony,Reay,uxffret@jumpstartlab.com,555-555-5000,16800 Point lookout rd,st marys city,MD,20686
Eliza,Baker,ykvinga@jumpstartlab.com,9086982000,MS 2361 Loyola College 4501 North Charles St,Baltimore,MD,21210
Natalie,Fowler,netite_nombre@jumpstartlab.com,9086982000,MS 2361 4501 N Charles St,Baltimore,MD,21210
William,Davies,rxowden3@jumpstartlab.com,9086982000,MS 2361 4501 N. Charles St,Baltimore,MD,21210
Sarah,Null,rcverburg@jumpstartlab.com,9086982000,MS 2361 4501 N. Charles St,Baltimore,MD,21210
Jennifer,Donnelly,qxaschreck@jumpstartlab.com,9086982000,2361 4501 N. Charles St,Baltimore,MD,21210
Shelby,Sullivan,bereenberg@jumpstartlab.com,631-291-2000,MS 2361 4501 N Charles St,Baltimore,MD,21210
Courtney,Evans,agatsfunny1688@jumpstartlab.com,4103702000,MS 3356 Loyola College 4501 N Charles St,Baltimore,MD,21210
Wendy,Hunter,elgerow@jumpstartlab.com,908-752-5000,MS 2361 4501 N Charles St,Baltimore,MD,21210
Lance,Ter Kuile,yboaks@jumpstartlab.com,631-873-5000,124,Baltimore,MD,21210
Chris,Whitney,bcisher@jumpstartlab.com,4103702000,456,Baltimore,MD,21210
Null,McCusker,papokuag@jumpstartlab.com,5082748000,"1519 East Falkland Ln, Apt 154",Silver Spring,MD,20910
Minrose,Richards,klsheac@jumpstartlab.com,617 935 3000,"5215 Centreville Hall, University of Maryland",College Park,MD,20742
Diana,Kolodin,mqrosent@jumpstartlab.com,301-787-2000,4226A Guilford Dr,College Park,MD,20817
Kevin,Balinsky-Baker,xlarab1@jumpstartlab.com,914-584-4000,7600 Flower Ave.,Takoma Park,MD,20912
Richard,Herman,xb@jumpstartlab.com,7322997000,1001 Kennebec Ave.,Takoma Park,MD,20912
Michael,Embick,sdfonteyne@jumpstartlab.com,913-687-1000,7600 Flower Ave.,"Takoma Park,",MD,20912
X,Litzenberg,bfoseen@jumpstartlab.com,240-350-8000,15144 Red Cedar Dr.,Burtonsville,MD,20866
Melissa,Stachowski,dnhimjolly@jumpstartlab.com,301-518-9000,15144 Red Cedar Dr.,Burtonsville,MD,20866
Dani,Becker,uxch.hastings@jumpstartlab.com,240-386-9000,7600 Flower Ave.,Takoma Park,MD,20912
Milton,Lister,dqingold@jumpstartlab.com,301-891-4000,7600 Flower Ave.,Takoma Park,MD,20912
Laura,Voutour,tuyrotenberg@jumpstartlab.com,301-474-0000,2 P Plateau Pl,Greenbelt,MD,20770
Jessica,Svoboda,vxitkens724@jumpstartlab.com,860-810-6000,4501 N Charles St. MS 2700,Baltimore,MD,21210
Jesse,Doe,gsaddario@jumpstartlab.com,7174482000,1304 Peaceful Lane,Silver Spring,MD,20904
Sheila,Slote,gdristina.holland@jumpstartlab.com,301-974-1000,8252 Sandy Stream Road,Laurel,MD,20723
Daniel,Doe,iicmseac@jumpstartlab.com,301-318-4000,7951 15th Ave #201,Hyattsville,MD,20783
Katie,Hopkins,gbnichol@jumpstartlab.com,410-592-8000,11819 Stoney Batter Road,Kingsville,MD,21087
Laney,Letcheva,pdisb_nuggs@jumpstartlab.com,845-988-7000,1401 potomac ave,Hagerstown,MD,21742
Carl,See,fuoungma@jumpstartlab.com,678 571 0000,247-09D Leonardtown,College Park,MD,20740
Matthew,Borick,gclue-hitchens11@jumpstartlab.com,301-346-9000,247-09-C New Leonardtown,College Park,MD,20742
Alexis,Kauffman,ctnteyj@jumpstartlab.com,617-365-0000,3339 N. Charles St.,Baltimore,MD,21218
Whitney,San Roman,fgoore@jumpstartlab.com,617-365-0000,2 w. University Pkwy,Baltimore,MD,21218
Eleanor,Tran,tiperchick447@jumpstartlab.com,617-365-0000,6010 California Cir 114,Rockville,MD,20852
Ben,Sibelman,kntsosj@jumpstartlab.com,617-365-0000,712 Montpelier,Baltimore,MD,21218
Isabelle,Thatcher,dybosem@jumpstartlab.com,617-365-0000,3339 N. Charles,Baltimore,MD,21218
Liana,Gent,eggordon@jumpstartlab.com,617-365-0000,3900 Halstead,Baltimore,MD,21218
Jessica,Bissessar,kkazirak@jumpstartlab.com,617-365-0000,110 W. 39th,Baltimore,MD,21210
Jake,Matthews,feaversnob@jumpstartlab.com,617-365-0000,3501 st. paul,Baltimore,MD,21218
Stephen,Xx,tull31@jumpstartlab.com,617-365-0000,3339 n charles,Baltimore,MD,21218
Laura,Boyle,vvaterma@jumpstartlab.com,617-365-0000,110 w 39th,Baltimore,MD,21210
John,Westwood,ngelacolwell@jumpstartlab.com,617-365-0000,3301 n charles st.,Baltimore,MD,21218
Laura,Webster,ows_braun@jumpstartlab.com,617-365-0000,3003 n charles st,Baltimore,MD,21218
Cassidy,Smith,vxurengill@jumpstartlab.com,617-365-0000,3003 n charles st,Baltimore,MD,21218
Sherry,Khouang,ceanzet@jumpstartlab.com,301-613-1000,x,x,MD,21216
Keonna,Caldwell,lwlarali@jumpstartlab.com,301-613-1000,x,x,MD,21216
Meghan,Student,txancourt@jumpstartlab.com,301-613-1000,x,x,MD,21216
Catherine,Dutton,xfnnie.woldorf@jumpstartlab.com,301-613-1000,x,x,MD,21216
Philip,Sangha,nmnes4re@jumpstartlab.com,301-613-1000,x,x,MD,21216
Neha,D'addario,wyusecc@jumpstartlab.com,301-613-1000,x,x,MD,21216
Russell,Kurs,rnloe.sackett@jumpstartlab.com,301-613-1000,x,x,MD,21216
Aditi,Rizzo,odenajean@jumpstartlab.com,301-613-1000,x,x,MD,21216
Meredith,Zahorian,ypebee3000@jumpstartlab.com,301-613-1000,x,x,MD,21216
Heather,Thompson,rdm327@jumpstartlab.com,301-613-1000,x,x,MD,21216
Null,Howard,uqlitzen@jumpstartlab.com,508-954-9000,"247-10 Leonardtown, University of Maryland",College Park,MD,20742
Jessica,Sanders,uvsorens@jumpstartlab.com,301-613-1000,x,x,MD,21216
Melanie,Phillips,hdaggio@jumpstartlab.com,301-613-1000,x,x,MD,21216
Alicia,Smedick,saoy3333@jumpstartlab.com,301-613-1000,x,x,MD,21216
Caroline,Mershon,ny@jumpstartlab.com,301-613-1000,x,x,MD,21216
Michael,Sprinzen,jyica.borgeswallace@jumpstartlab.com,301-613-1000,x,x,MD,21216
Sandddd,Hoffbeck,nrllinsj4@jumpstartlab.com,301-613-1000,x,x,MD,21216
Holly,Derwin,tcephanie.j.gardner@jumpstartlab.com,301-613-1000,x,x,MD,21216
Diana,Downing,sdhaw1@jumpstartlab.com,301-613-1000,x,x,MD,21216
Sarah,Waldman,cychelleighguillory@jumpstartlab.com,301-613-1000,x,x,MD,21216
Mary,Bell,cfeckerp@jumpstartlab.com,301-613-1000,x,x,MD,21216
Bridget,Hawes,lsmery@jumpstartlab.com,301-613-1000,x,x,MD,21216
Philip,Cruickshank,plerris@jumpstartlab.com,301-613-1000,x,x,MD,21216
Robert,Kohnstamm,ruood1988@jumpstartlab.com,301-613-1000,x,x,MD,21216
Jason,Law,agle_Rosenblad@jumpstartlab.com,301-613-1000,x,x,MD,21216
Eric,Owens,moilema1@jumpstartlab.com,301-613-1000,x,x,MD,21216
Jillian,Dennis,urchnibe@jumpstartlab.com,301-613-1000,x,x,MD,21216
Christie,Pedicone,ixhndoe3@jumpstartlab.com,301-613-1000,x,x,MD,21216
Marcellus,Lane,nuttydus@jumpstartlab.com,301-613-1000,x,x,MD,21216
Valencia,Miller,dpaaaaaaaaa@jumpstartlab.com,301-613-1000,x,x,MD,21216
Elizabeth,Parry,acombard@jumpstartlab.com,301-613-1000,x,x,MD,21216
Juliet,Gill,tqnniferkrill@jumpstartlab.com,301-613-1000,x,x,MD,21216
Catherine,Howell-Dinger,arnneryis007@jumpstartlab.com,301-613-1000,x,x,MD,21216
Andrea,Marchessault,ord9@jumpstartlab.com,301-613-1000,x,x,MD,21216
Jane,Mendez,natowel@jumpstartlab.com,301-613-1000,x,x,MD,21216
J,Ray-Mazumder,tmclaibo@jumpstartlab.com,301-613-1000,x,x,MD,21216
Lea,Finkel,reanelle.dugan@jumpstartlab.com,301-613-1000,x,x,MD,21216
Whitney,Lynch,ahccernsv@jumpstartlab.com,301-613-1000,x,x,MD,21216
Michael,Moynahan,hkianhalprin@jumpstartlab.com,301-613-1000,x,x,MD,21216
James,Webster,vouljosephpark@jumpstartlab.com,301-613-1000,x,x,MD,21216
Catherine,Carodenuto,rcura.lipinski@jumpstartlab.com,301-613-1000,x,x,MD,21216
Francesca,Heinichen,lynfranklin@jumpstartlab.com,301-613-1000,x,x,MD,21216
Elise,Shapiro,aesout08@jumpstartlab.com,301-613-1000,x,x,MD,21216
Andreah,Van Eck,qxcthruhiker17@jumpstartlab.com,301-613-1000,x,x,MD,21216
Marci,Wright,rbrie.stratton@jumpstartlab.com,301-613-1000,x,x,MD,21216
Mary,Skaggs,ijlldurrett@jumpstartlab.com,301-613-1000,x,x,MD,21216
Lorenzo,Coleman,jjaslett@jumpstartlab.com,301-613-1000,x,x,MD,21216
Andrew,Colehor,gjlupkin@jumpstartlab.com,301-613-1000,x,x,MD,21216
Beth,Laird,umt24@jumpstartlab.com,301-613-1000,x,x,MD,21216
Arielle,Dooley-Feldman,kkccrory@jumpstartlab.com,301-613-1000,x,x,MD,21216
Katherine,Maloney,rcng2106@jumpstartlab.com,301-613-1000,x,x,MD,21216
Rebecca,Uzuki,gkpagecolby@jumpstartlab.com,301-613-1000,x,x,MD,21216
Georgia,Brown,pikeAli27@jumpstartlab.com,301-613-1000,x,x,MD,21216
Euric,Griffin,rcll32@jumpstartlab.com,301-613-1000,x,x,MD,21216
Natalie,Jones,korkson.allegra@jumpstartlab.com,301-613-1000,x,x,MD,21216
Stacy,Reese,yohley.leclare@jumpstartlab.com,301-613-1000,x,x,MD,21216
Charles,Bolton,tfedina4@jumpstartlab.com,814-397-3000,1010 S. Kenwood Ave.,Baltimore,MD,21224
Tarini,Atcheson,xkracken@jumpstartlab.com,410-992-0000,8945 Footed Ridge,Columbia,MD,21045
Jamie,Marden,assse.d.jenkins@jumpstartlab.com,443-257-9000,"4230 Knox Road, Apt. 1530",College Park,MD,20742
Lillian,Repka,nywaibi@jumpstartlab.com,240-426-0000,3109 Cambridge,College Park,MD,20742
Natalie,Weinstein,xuwilburn11@jumpstartlab.com,240-401-0000,"247-9 Leonardtown Hall, University of Maryland",College Park,MD,20742
Nicholas,Cooper,yyvidpcorrado@jumpstartlab.com,978-844-4000,8000 Boteler Lane,College Park,MD,20740
Shannon,Stewart,liarry@jumpstartlab.com,410-227-6000,1000 Hilltop Circle,Baltimore,MD,21250
Melanie,Manchada,gxudgens@jumpstartlab.com,718-305-4000,1492 Selworthy Rd,Potomac,MD,20854
Steph,Frederick,krott@jumpstartlab.com,410-458-5000,8000 Boteler Lane Apt #124A,College Park,MD,29740
Tamara,Siegel,dingbodu@jumpstartlab.com,301 257 9000,6905 donachie rd apt f,baltimore,MD,21239
Jay,Jeff,pmahlstr@jumpstartlab.com,301 257 9000,303 E. Burke Rd Apt C,Towson,MD,21286
Laurie,Clancy,jk@jumpstartlab.com,301 257 9000,3115-8 university blvd west,kensington,MD,20895
Jane,White,fpikatri@jumpstartlab.com,301 257 9000,8007 york rd apt C1,Towson,MD,21204
Cara,Brubaker,tvnglese1@jumpstartlab.com,310-370-4000,6121 Centreville Hall,College Park,MD,20742
Marcelino,O'Bryon,jxrrieweikle@jumpstartlab.com,302-245-5000,8000 Boteler Lane Apt. 124,College Park,MD,20740
Jessica,Wang,vwinsa02@jumpstartlab.com,443 629 7000,11209 greenspring ave,lutherville,MD,21093
Kirsten,Suzor,hwiderc@jumpstartlab.com,443 994 2000,4603 harvard rd.,college park,MD,20740
Amanda,Dougherty,ukmitch07@jumpstartlab.com,240-210-3000,607 wilson ln,waldorf,MD,20602
X,Griffard,skmbolger@jumpstartlab.com,301 266 7000,6580 glendale place,La Plata,MD,20646
Sarah,Williams,dvjaff07@jumpstartlab.com,443 632 4000,14021 woodlings lane,reisterstown,MD,21136
Sarah,Brisbois,wqlee0808@jumpstartlab.com,443 632 4000,3043 Frisby St.,Baltimore,MD,21218
Kelly,Santoro,auurtney.marie.davis@jumpstartlab.com,2402054000,28 Lee Ave. Apt. 303,Takoma Park,MD,20912
Alice,Ogutu,ury1@jumpstartlab.com,443 616 7000,3327 charles st,fallston,MD,21047
Stephen,Fonda-Bonardi,rilking_contradiction_27@jumpstartlab.com,240 346 9000,3802 brewster circle,waldorf,MD,20601
Jordan,Pfeffer,xfanjarr@jumpstartlab.com,240 461 4000,251 manor circle,takoma park,MD,20912
Hilary,Nayeem,lhavis@jumpstartlab.com,301 814 1000,251 manor circle,takoma park,MD,20912
Charlotte,Syrig,wwedellstiles@jumpstartlab.com,301-318-4000,6201 41st Ave,Hyattsville,MD,20782
Zachary,Reinauer,qrantiag@jumpstartlab.com,304-604-5000,5218 Centreville,College Park,MD,20742
Emma,Barker,rcberger@jumpstartlab.com,301-320-0000,2 Bay Tree Lane,Bethesda,MD,20816
Bradly,Zamudio,fyaronsmith@jumpstartlab.com,410-218-0000,1102 Somerset Hall,College Park,MD,20742
Megan,Sager,xglia.shindel@jumpstartlab.com,513-417-2000,4227 Oglethorpe St.,Hyattsville,MD,20781
Null,Gupta,sxhndoe14@jumpstartlab.com,8125523000,"1133 E West Hwy, Ste 319-W",Silver Spring,MD,20910
Meredith,Doe,uimenez@jumpstartlab.com,301-252-9000,8000 Travis Ln,College Park,MD,20740
Zach,Fencl,smTAK@jumpstartlab.com,513-680-3000,"8204 Baltimore Ave, Apt 718B",College Park,MD,20740
Brandon,Zimmer,mmockc6@jumpstartlab.com,732-779-8000,401 Rosemont Ave.,Frederick,MD,21701
Paul,Lazarowski,qnudmer@jumpstartlab.com,301-379-0000,17714 Meetinghouse Rd,Sandy Spring,MD,20860
Shane,August,anhilips@jumpstartlab.com,301-891-2000,1012 Heather Ave,Takoma Park,MD,20912
Leslie,Barns,ufoff@jumpstartlab.com,240-626-1000,24 JerMae St,Thurmont,MD,21788
Scott,Parker,qhuer321@jumpstartlab.com,202-270-1000,19308 Alderbarn Ct,Brookeville,MD,20833
Shannon,Patrick,foshankland@jumpstartlab.com,240-750-0000,4 Vallingby Circle,Rockvile,MD,20850
Sophia,Haskell,gbffb_123@jumpstartlab.com,301-474-0000,14-N Laurel Hill Road,Greenbelt,MD,20770
Rose,Arnold,oqenville@jumpstartlab.com,301-233-7000,6 Middlebridge Ct,Silver Spring,MD,20906
Alison,Dickson,xoolloway10@jumpstartlab.com,301-299-5000,8158 Inverness Ridge Road,Potomac,MD,20854
Eliza,Xx,wqrah.mary89@jumpstartlab.com,301-983-2000,11713 Charen Lane,Potomac,MD,20854
Kirsten,Chronis,frmooski@jumpstartlab.com,301-617-4000,10584 Hunters Way,Laurel,MD,20723
Dominique,DeWolf,xwh001@jumpstartlab.com,301-588-0000,9407 Worth Ave,Silver Spring,MD,20901
Sam,Wetherill,fyvegetarian@jumpstartlab.com,240-485-6000,10823 Margate Road,Silver Spring,MD,20901
X,Comer,iaivings@jumpstartlab.com,240-672-8000,3708 Underwood Rd,Chevy Chase,MD,20815
Katie,Roy,dhigsi01@jumpstartlab.com,206-372-2000,6201 41st Ave,Hyattsville,MD,20782
Jessica,Avendano,ruoore10@jumpstartlab.com,301-787-5000,1814 August Dr,Silver Spring,MD,20902
Lauren,Marquis,fqenshen@jumpstartlab.com,301-830-3000,2103 Hermitage Road,Wheaton,MD,20902
Michael,Spero,dcna.kuhnline@jumpstartlab.com,301-801-9000,8905 Sudbury Road,Silver Spring,MD,20901
Liam,Theden,psmcgrew@jumpstartlab.com,301-421-1000,2217 Link Road,Silver Spring,MD,20905
Stephanie,Siegler,npmaho06@jumpstartlab.com,240-602-7000,6905 Pineway Ave,University Park,MD,20782
Ruth,Wofford,paallmeyer@jumpstartlab.com,240-497-1000,7423 Lynnhurst Street,Chevy Chase,MD,20815
Jane,Schwaneke,fjh224@jumpstartlab.com,301-219-7000,310 Crabb Avenue,Rockville,MD,20850
Sajeewa,Tedrow,gerumber@jumpstartlab.com,301-760-6000,7710 Iron Forge Court,Derwood,MD,20855
Rhiannon,McCall,plgermal@jumpstartlab.com,301-466-7000,4111 Elkton Hall,College Park,MD,20742
Shannen,Queen,kjinda.manglik@jumpstartlab.com,301-774-9000,4105 Alfalfa Terrace,Olney,MD,20832
Meg,Smith,jy379@jumpstartlab.com,301-318-4000,5024 Berwyn Road,College Park,MD,20740
Arden,Lkjklljlkj,hslftylerblue@jumpstartlab.com,240-252-9000,3106 Dorchester Hall,College Park,MD,20742
Kara,Baker,cms.bischoff@jumpstartlab.com,240-888-4000,7600 Flower Ave.,Takoma Park,MD,20912
Genevieve,Catellacci,gyura.Kriegel@jumpstartlab.com,301-318-4000,6109 Hagerstown Hall,College Park,MD,20742
Eliza,Gromisch,lqmoresch@jumpstartlab.com,301-676-1000,8241 Black Hawk Court,Frederick,MD,21701
Dordt,Tale,qxope@jumpstartlab.com,410-710-7000,5104 Denton Hall,College Park,MD,20742
Christian,Rueter,xlean@jumpstartlab.com,2404980000,224 Onley Road #103-A,Salisbury,MD,21804
Sarah,Gosse,bsore@jumpstartlab.com,304-279-5000,7600 Flower Ave.,Takoma Park,MD,20912
Austin,Brummel,lpldor_a@jumpstartlab.com,301-318-4000,8000 Boteler Lane,College Park,MD,20740
Joseph,Kolb,avdisido@jumpstartlab.com,301-318-4000,8000 Boteler Lane,College Park,MD,20740
Seth,Holleb,ouitlinef324@jumpstartlab.com,3019103000,"4226 Guilford Drive, Apt A",College Park,MD,20740
Jordan,Holdaway,ekazanec@jumpstartlab.com,301-523-9000,8133 Hagerstown Hall,College park,MD,20742
Lorena,Gladfelter,ylnjen3323@jumpstartlab.com,301-204-0000,2 College Hill,Westminster,MD,21157
Ben,Rawstron,xjpivey@jumpstartlab.com,319-350-4000,6201 41st Ave,Hyattsville,MD,20782
Laura,Butler,drCyprian@jumpstartlab.com,301-318-4000,247-9C New Leonardtown,College Park,MD,20742
Jake,Sorenson,pqowen09@jumpstartlab.com,301 712 7000,4902 Cherokee Street,College Park,MD,20740
Kyle,Wolfson,gjethin@jumpstartlab.com,202-222-0000,4004 32nd St,Mount Rainier,MD,20712
Kerry,Spence,cghsjp@jumpstartlab.com,410 303 1000,7400 Columbia Ave,College Park,MD,20740
Dan,Aungst,vmrthsaver@jumpstartlab.com,503-475-8000,12545 Catalina Drive,Lusby,MD,20657
